;valid_species_name;dec_long;dec_lat
1;Atta.sexdens;-60.025;-310.194
2;Atta.sexdens;-59.495.833;-19.075
3;Atta.sexdens;-44.766.667;-22.05
4;Atta.sexdens;-50.983;-29.933
5;Atta.sexdens;-42.882;-20.753
6;Atta.sexdens;-4.112.222.222;-1.951.888.889
7;Atta.sexdens;-47.304;-21.275
8;Atta.sexdens;-4.839.738;-1.917.957
9;Atta.sexdens;-4.288.328;-2.074.739
10;Atta.sexdens;-54;3.1
11;Atta.sexdens;-79.7;911.643
12;Atta.sexdens;-5.531.694.444;-1.230.583.333
13;Atta.sexdens;-5.623.333.333;-1.956.666.667
14;Atta.sexdens;-5.663.944.444;-2.024.166.667
15;Atta.sexdens;-5.499.916.667;-2.326.555.556
16;Atta.sexdens;-5.788.333.333;-2.169.444.444
17;Atta.sexdens;-42.55;-1.966.666.667
18;Atta.sexdens;-4.433.333.333;-1.933.333.333
19;Atta.sexdens;-44.907.265;-18.379.093
20;Atta.sexdens;-4.536.666.667;-1.968.333.333
21;Atta.sexdens;-43.97;-14.81
22;Atta.sexdens;-43.92;-14.81
23;Atta.sexdens;-4.389.027.778;-2.006.416.667
24;Atta.sexdens;-4.385.916.667;-2.005.138.889
25;Atta.sexdens;-47.15;-1.923.333.333
26;Atta.sexdens;-4.686.666.667;-1.721.666.667
27;Atta.sexdens;-45.406.663;-18.155.208
28;Atta.sexdens;-45.459.404;-18.248.576
29;Atta.sexdens;-43.35;-21.767
30;Atta.sexdens;-48.383;-19.167
31;Atta.sexdens;-5.436.666.667;-1.968.333.333
32;Atta.sexdens;-4.483.333.333;-2.126.666.667
33;Atta.sexdens;-45;-2.116.666.667
34;Atta.sexdens;-44;-21
35;Atta.sexdens;-43.8;-20.333
36;Atta.sexdens;-4.283.333.333;-20.75
37;Atta.sexdens;-4.480.583.333;-1.554.055.556
38;Atta.sexdens;-47.517;-2.983
39;Atta.sexdens;-56.5;-1.75
40;Atta.sexdens;-3.518.611.111;-8.376.944.444
41;Atta.sexdens;-3.494.361.111;-7.991.666.667
42;Atta.sexdens;-52.991;-26.857
43;Atta.sexdens;-5.290.333.333;-2.733.805.556
44;Atta.sexdens;-5.264.194.444;-270.975
45;Atta.sexdens;-5.316.277.778;-2.706.833.333
46;Atta.sexdens;-5.298.888.889;-2.684.805.556
47;Atta.sexdens;-5.231.083.333;-2.714.916.667
48;Atta.sexdens;-52.75;-2.805.055.556
49;Atta.sexdens;-5.261.833.333;-2.709.638.889
50;Atta.sexdens;-5.277.777.778;-2.709.722.222
51;Atta.sexdens;-60.699.459;-31.632.389
52;Atta.sexdens;-4.763.888.889;-2.282.111.111
53;Atta.sexdens;-4.619.861.111;-2.348.944.444
54;Atta.sexdens;-47.85;-22.2
55;Atta.sexdens;-46.18;-2.341.805.556
56;Atta.sexdens;-4.638.111.111;-2.391.361.111
57;Atta.sexdens;-4.631.527.778;-2.387.277.778
58;Atta.sexdens;-5.057.583.333;-2.241.277.778
59;Atta.sexdens;-4.621.694.444;-2.352.138.889
60;Atta.sexdens;-4.619.527.778;-2.348.805.556
61;Atta.sexdens;-47.5;-22.35
62;Atta.sexdens;-4.774.666.667;-2.240.611.111
63;Atta.sexdens;-47.55;-2.241.666.667
64;Atta.sexdens;-5.005.944.444;-20.7
65;Atta.sexdens;-4.768.333.333;-22.2
66;Atta.sexdens;-47.1;-22.817
67;Atta.sexdens;-4.993.333.333;-22.2
68;Atta.sexdens;-4.720.555.556;-213.075
69;Atta.sexdens;-47.85;-21.55
70;Atta.sexdens;-37.161.389;-10.821.056
71;Atta.sexdens;-37.161.306;-10.817.111
72;Atta.sexdens;-99.584;19.43
73;Atta.sexdens;-60.025;-203.444
74;Atta.sexdens;-47.800.125;-21.209.188
75;Atta.sexdens;-54.454.357;-25.682.479
76;Atta.sexdens;-47.366.672;-2.192.573
77;Atta.sexdens;-4.894.627;-15.816.553
78;Atta.sexdens;-46.621.868;-23.650.881
79;Atta.sexdens;-46.735.019;-22.919.704
80;Atta.sexdens;-54.561.783;-25.606.758
81;Atta.sexdens;-44.309.224;-2.558.493
82;Atta.sexdens;-5.447.902;-25.613.182
83;Atta.sexdens;-64.870.135;-14.786.007
84;Atta.sexdens;-46.786.602;-23.419.272
85;Atta.sexdens;-43.957.424;-19.866.954
86;Atta.sexdens;-67.676.736;-15.779.464
87;Atta.sexdens;-79.557.687;911.208
88;Atta.sexdens;-800.366;84.483
89;Atta.sexdens;-47.075.083;-22.820.512
90;Atta.sexdens;-44.983.447;-21.232.681
91;Atta.sexdens;-54.919.742;-28.771.703
92;Atta.sexdens;-47.915.672;-21.996.384
93;Atta.sexdens;-6.782.792;-994.742
94;Atta.sexdens;-40.675.562;-19.805.095
95;Atta.sexdens;-54.559.988;-25.555.219
96;Atta.sexdens;-46.628.026;-22.466.467
97;Atta.sexdens;-38.433.756;-12.928.803
98;Atta.sexdens;-45.038.022;-23.418.006
99;Atta.sexdens;-46.363.695;-23.965.492
100;Atta.sexdens;-47.444.633;-22.002.322
101;Atta.sexdens;-47.055.513;-22.874.492
102;Atta.sexdens;-7.969.966;9.117.328
103;Atta.sexdens;-56.950.518;-26.020.995
104;Atta.sexdens;-41.288.284;-21.761.125
105;Atta.sexdens;-54.133.892;-25.533.916
106;Atta.sexdens;-47.290.929;-5.442.636
107;Atta.sexdens;-47.898.541;-2.200.577
108;Atta.sexdens;-82.433.113;8.437.172
109;Atta.sexdens;-47.226.811;-23.268.657
110;Atta.sexdens;-54.449.059;-25.714.919
111;Atta.sexdens;-47.866.746;-21.991.918
112;Atta.sexdens;-52.676.631;5.170.897
113;Atta.sexdens;-46.393.057;-23.593.726
114;Atta.sexdens;-47.866.592;-21.991.896
115;Atta.sexdens;-47.866.616;-21.991.889
116;Atta.sexdens;-47.866.684;-21.991.929
117;Atta.sexdens;-47.282.647;-15.229.363
118;Atta.sexdens;-57.504.683;-25.238.651
119;Atta.sexdens;-43.975.409;-19.880.563
120;Atta.sexdens;-4.399.498;-19.849.758
121;Atta.sexdens;-63.193.042;-1.777.575
122;Atta.sexdens;-43.981.544;-19.858.818
123;Atta.sexdens;-43.896.785;-19.932.228
124;Atta.sexdens;-43.959.733;-19.834.103
125;Atta.sexdens;-43.960.776;-19.832.789
126;Atta.sexdens;-44.044.436;-19.983.583
127;Atta.sexdens;-44.011.176;-19.863.494
128;Atta.sexdens;-43.998.493;-19.887.509
129;Atta.sexdens;-46.478.236;-23.583.774
130;Atta.sexdens;-43.309.206;-22.564.143
131;Atta.sexdens;-52.289.172;4.876.683
132;Atta.sexdens;-42.042.302;-20.962.874
133;Atta.sexdens;-67.824.199;-16.039.254
134;Atta.sexdens;-4.637.598;-22.794.147
135;Atta.sexdens;-54.540.897;-25.555.015
136;Atta.sexdens;-48.139.681;-22.676.824
137;Atta.sexdens;-540.875;-26.625.573
138;Atta.sexdens;-45.472.382;-22.440.218
139;Atta.sexdens;-40.694.356;-19.911.785
140;Atta.sexdens;-43.229.401;-2.296.731
141;Atta.sexdens;-57.572.062;-25.249.472
142;Atta.sexdens;-54.796.724;-26.729.114
143;Atta.sexdens;-54.553.703;-25.612.519
144;Atta.sexdens;-54.559.617;-25.613.147
145;Atta.sexdens;-54.567.012;-25.600.339
146;Atta.sexdens;-466.634;-230.593
147;Atta.sexdens;-73.274.793;-3.767.128
148;Atta.sexdens;-46.712.953;-21.933.335
149;Atta.sexdens;-46.965.758;-23.206.597
150;Atta.sexdens;-52.318.316;-23.866.578
151;Atta.sexdens;-47.105.483;-228.322
152;Atta.sexdens;-47.104.925;-22.827.816
153;Atta.sexdens;-46.648.706;-23.784.252
154;Atta.sexdens;-54.586.763;-25.641.907
155;Atta.sexdens;-40.675.188;-19.804.978
156;Atta.sexdens;-54.557.816;-25.608.155
157;Atta.sexdens;-55.962.064;-14.590.098
158;Atta.sexdens;-43.436.036;-22.585.445
159;Atta.sexdens;-79.173.395;9.158.642
160;Atta.sexdens;-46.475.613;-23.577.828
161;Atta.sexdens;-464.814;-2.342.439
162;Atta.sexdens;-73.512.391;9.661.319
163;Atta.sexdens;-45.891.566;-23.219.764
164;Atta.sexdens;-40.674.008;-19.805.537
165;Atta.sexdens;-54.548.767;-25.625.422
166;Atta.sexdens;-48.016.805;-22.690.086
167;Atta.sexdens;-44.981.425;-21.229.238
168;Atta.sexdens;-54.169.256;-2.585.838
169;Atta.sexdens;-44.549.012;-22.385.428
170;Atta.sexdens;-45.884.931;-23.170.895
171;Atta.sexdens;-4.728.255;-15.229.342
172;Atta.sexdens;-5.559.096;-27.283.391
173;Atta.sexdens;-51.188.718;-27.562.236
174;Atta.sexdens;-44.979.092;-21.230.448
175;Atta.sexdens;-4.686.882;-2.363.986
176;Atta.sexdens;-47.435.422;-2.197.756
177;Atta.sexdens;-54.134.206;-25.534.101
178;Atta.sexdens;-46.349.065;-2.244.058
179;Atta.sexdens;-69.174.672;-12.592.645
180;Atta.sexdens;-54.454.043;-25.681.297
181;Atta.sexdens;-4.997.495;-214.466
182;Atta.sexdens;-44.139.228;-23.161.483
183;Atta.sexdens;-45.823.935;-23.246.954
184;Atta.sexdens;-73.613.937;9.575.176
185;Atta.sexdens;-73.613.479;957.541
186;Atta.sexdens;-73.613.085;9.575.605
187;Atta.sexdens;-54.585.403;-25.516.485
188;Atta.sexdens;-46.713.039;-21.933.275
189;Atta.sexdens;-56.200.387;-27.074.975
190;Atta.sexdens;-4.498.484;-21.232.032
191;Atta.sexdens;-63.387.714;-17.994.283
192;Atta.sexdens;-76.360.008;-6.477.658
193;Atta.sexdens;-56.957.386;-19.494.547
194;Atta.sexdens;-47.890.275;-22.023.222
195;Atta.sexdens;-44.977.467;-21.233.823
196;Atta.sexdens;-47.811.085;-21.169.402
197;Atta.sexdens;-44.073.446;-19.945.644
198;Atta.sexdens;-67.864.903;-9.956.557
199;Atta.sexdens;-48.021.044;-15.833.756
200;Atta.sexdens;-76.350.089;-6.460.289
201;Atta.sexdens;-44.984.443;-21.227.053
202;Atta.sexdens;-56.957.845;-1.949.372
203;Atta.sexdens;-72.713.958;2.510.797
204;Atta.sexdens;-46.449.717;-4.321.071
205;Atta.sexdens;-46.449.751;-4.321.905
206;Atta.sexdens;-44.074.516;-22.949.052
207;Atta.sexdens;-49.053.806;-22.293.588
208;Atta.sexdens;-54.446.764;-25.714.772
209;Atta.sexdens;-349.467;-80.101
210;Atta.sexdens;-54.545.475;-25.596.761
211;Atta.sexdens;-54.575.987;-25.504.192
212;Atta.sexdens;-5.289.202;-18.263.867
213;Atta.sexdens;-66.765.379;-14.115.366
214;Atta.sexdens;-39.859.915;-18.675.262
215;Atta.sexdens;-54.454.438;-25.682.794
216;Atta.sexdens;-54.454.511;-2.568.319
217;Atta.sexdens;-46.470.092;-430.908
218;Atta.sexdens;-56.066.266;-9.914.231
219;Atta.sexdens;-4.701.774;-23.665.498
220;Atta.sexdens;-81.316.551;7.988.655
221;Atta.sexdens;-79.529.495;9.176.955
222;Atta.sexdens;-81.326.594;8.083.453
223;Atta.sexdens;-80.417.025;8.537.523
224;Atta.sexdens;-80.327.751;7.765.824
225;Atta.sexdens;-44.989.785;-21.231.888
226;Atta.sexdens;-52.300.275;4.941.241
227;Atta.sexdens;-8.133.067;8.003.713
228;Atta.sexdens;-81.329.712;7.999.509
229;Atta.sexdens;-80.271.159;7.765.702
230;Atta.sexdens;-80.941.066;8.049.905
231;Atta.sexdens;-8.097.761;8.105.915
232;Atta.sexdens;-80.979.233;8.101.107
233;Atta.sexdens;-49.695.074;-2.426.681
234;Atta.sexdens;-81.315.347;8.010.497
235;Atta.sexdens;-81.329.112;8.004.479
236;Atta.sexdens;-81.323.074;8.007.318
237;Atta.sexdens;-7.969.524;8.957.669
238;Atta.sexdens;-79.579.617;909.778
239;Atta.sexdens;-81.328.423;8.008.852
240;Atta.sexdens;-40.308.108;-20.127.945
241;Atta.sexdens;-66.355.696;-9.773.745
242;Atta.sexdens;-81.310.073;8.004.547
243;Atta.sexdens;-546.315;-255.604
244;Atta.sexdens;-546.126;-255.215
245;Atta.sexdens;-546.322;-255.607
246;Atta.sexdens;-575.324;-252.257
247;Atta.sexdens;-43.638.908;-20.207.152
248;Atta.sexdens;-69.217.553;-12.597.978
249;Atta.sexdens;-47.795.028;-2.119.568
250;Atta.sexdens;-69.295.731;-12.803.947
251;Atta.sexdens;-69.297.528;-12.803.372
252;Atta.sexdens;-5.233.021;4.872.727
253;Atta.sexdens;-5.444.771;-25.682.391
254;Atta.sexdens;-38.573.951;-3.753.521
255;Atta.sexdens;-47.963.219;-19.774.242
256;Atta.sexdens;-41.115.315;-2.130.439
257;Atta.sexdens;-46.573.521;-23.756.423
258;Atta.sexdens;-79.953.882;8.877.813
259;Atta.sexdens;-67.865.882;-9.957.441
260;Atta.sexdens;-727.042;108.767
261;Atta.sexdens;-727.046;108.783
262;Atta.sexdens;-72.734;109.138
263;Atta.sexdens;-727.041;108.788
264;Atta.sexdens;-72.728;109.147
265;Atta.sexdens;-727.336;109.112
266;Atta.sexdens;-78.774.202;-559.505
267;Atta.sexdens;-46.737.152;-23.559.377
268;Atta.sexdens;-40.724.672;-20.841.195
269;Atta.sexdens;-3.992.774;-18.699.745
270;Atta.sexdens;-47.335.023;-1.555.251
271;Atta.sexdens;-5.554.467;-11.863.722
272;Atta.sexdens;-63.158.597;-17.749.143
273;Atta.sexdens;-82.432.612;8.495.858
274;Atta.sexdens;-54.583.801;-25.659.203
275;Atta.sexdens;-69.520.782;-12.894.166
276;Atta.sexdens;-54.448.602;-25.714.998
277;Atta.sexdens;-54.556.791;-25.608.928
278;Atta.sexdens;-54.550.816;-25.606.054
279;Atta.sexdens;-47.826.306;-15.943.799
280;Atta.sexdens;-46.170.603;-23.508.719
281;Atta.sexdens;-72.914.895;-3.258.755
282;Atta.sexdens;-79.700.417;9.116.689
283;Atta.sexdens;-5.443.647;-25.715.672
284;Atta.sexdens;-63.598.297;-18.105.172
285;Atta.sexdens;-5.445.372;-2.568.102
286;Atta.sexdens;-445.223;-224.551
287;Atta.sexdens;-46.465.367;-23.571.327
288;Atta.sexdens;-46.163.378;-23.200.507
289;Atta.sexdens;-76.352.264;-6.464.004
290;Atta.sexdens;-57.507.758;-192.081
291;Atta.sexdens;-4.663.991;-23.459.352
292;Atta.sexdens;-45.886.501;-23.168.112
293;Atta.sexdens;-54.453.605;-25.681.194
294;Atta.sexdens;-46.622.138;-23.650.989
295;Atta.sexdens;-46.621.808;-23.651.703
296;Atta.sexdens;-7.037.487;-3.774.209
297;Atta.sexdens;-4.593.363;-2.319.747
298;Atta.sexdens;-79.882.883;8.578.892
299;Atta.sexdens;-43.374.179;-2.299.338
300;Atta.sexdens;-54.444.953;-2.568.317
301;Atta.sexdens;-44.125.622;-23.166.395
302;Atta.sexdens;-63.211.708;-17.791.545
303;Atta.sexdens;-43.552.862;-2.288.918
304;Atta.sexdens;-45.895.651;-23.263.201
305;Atta.sexdens;-46.953.778;-23.544.831
306;Atta.sexdens;-54.168.496;-25.857.518
307;Atta.sexdens;-49.262.038;-16.682.638
308;Atta.sexdens;-4.398.505;-1.992.927
309;Atta.sexdens;-46.854.222;-22.810.851
310;Atta.sexdens;-51.710.518;-20.779.226
311;Atta.sexdens;-47.057.041;-22.834.499
312;Atta.sexdens;-47.114.268;-22.732.229
313;Atta.sexdens;-5.676.741;-17.355.836
314;Atta.sexdens;-73.460.912;9.539.588
315;Atta.sexdens;-73.456.793;9.554.982
316;Atta.sexdens;-7.270.416;10.876.713
317;Atta.sexdens;-47.145.064;-22.938.159
318;Atta.sexdens;-8.132.377;8.057.211
319;Atta.sexdens;-8.132.723;8.014.236
320;Atta.sexdens;-49.019.676;-18.563.997
321;Atta.sexdens;-489.403;-15.843.562
322;Atta.sexdens;-413.902;-12.570.497
323;Atta.sexdens;-54.066.722;5.320.817
324;Atta.sexdens;-54.063.031;5.376.375
325;Atta.sexdens;-54.067.503;5.329.378
326;Atta.sexdens;-52.317.486;4.944.511
327;Atta.sexdens;-50.059.289;-6.064.825
328;Atta.sexdens;-47.057.784;-23.460.748
329;Atta.sexdens;-81.069.762;8.167.835
330;Atta.sexdens;-66.082.996;-11.007.304
331;Atta.sexdens;-47.855.655;-21.170.438
332;Atta.sexdens;-48.402.853;-2.497.287
333;Atta.sexdens;-54.445.862;-256.796
334;Atta.sexdens;-76.125.684;-5.894.729
335;Atta.sexdens;-66.045.741;-10.997.726
336;Atta.sexdens;-46.785.795;-24.168.913
337;Atta.sexdens;-46.848.104;-23.718.323
338;Atta.sexdens;-41.900.511;-18.895.098
339;Atta.sexdens;-82.434.219;8.665.765
340;Atta.sexdens;-52.420.789;-26.537.858
341;Atta.sexdens;-48.214.399;-18.948.069
342;Atta.sexdens;-54.478.277;-25.613.706
343;Atta.sexdens;-41.297.419;-21.765.123
344;Atta.sexdens;-46.730.749;-235.473
345;Atta.sexdens;-732.776;105.771
346;Atta.sexdens;-732.726;105.744
347;Atta.sexdens;-4.496.624;-1.736.232
348;Atta.sexdens;-52.923.728;5.274.673
349;Atta.sexdens;-76.213.723;-6.605.851
350;Atta.sexdens;-80.941.719;8.051.567
351;Atta.sexdens;-80.043.142;7.537.076
352;Atta.sexdens;-73.063.622;-3.505.232
353;Atta.sexdens;-47.878.465;-15.948.213
354;Atta.sexdens;-8.132.537;80.639
355;Atta.sexdens;-81.276.934;8.000.978
356;Atta.sexdens;-81.218.836;8.310.289
357;Atta.sexdens;-81.319.379;8.053.686
358;Atta.sexdens;-40.692.675;-18.881.722
359;Atta.sexdens;-75.684.722;1.341.944
360;Atta.sexdens;-46.358.307;-23.533.614
361;Atta.sexdens;-57.574.503;-25.231.345
362;Atta.sexdens;-74.107.778;10.803.056
363;Atta.sexdens;-70.247.394;-3.824.747
364;Atta.sexdens;-7.969.869;912.074
365;Atta.sexdens;-46.469.699;-23.576.014
366;Atta.sexdens;-46.459.361;-2.357.132
367;Atta.sexdens;-46.519.442;-23.495.176
368;Atta.sexdens;-43.417.776;-2.258.486
369;Atta.sexdens;-63.646.728;-18.128.137
370;Atta.sexdens;-79.097.114;-4.766.708
371;Atta.sexdens;-35.204.206;-5.901.653
372;Atta.sexdens;-54.569.546;-2.555.239
373;Atta.sexdens;-545.882;-25.594.738
374;Atta.sexdens;-81.240.536;7.859.881
375;Atta.sexdens;-79.761.311;8.868.262
376;Atta.sexdens;-47.809.473;-15.799.372
377;Atta.sexdens;-48.006.603;-15.836.127
378;Atta.sexdens;-5.301.059;521.113
379;Atta.sexdens;-52.957.152;5.340.949
380;Atta.sexdens;-46.741.195;-22.197.628
381;Atta.sexdens;-43.438.268;-22.586.237
382;Atta.sexdens;-45.718.689;-22.263.828
383;Atta.sexdens;-81.059.436;7.944.322
384;Atta.sexdens;-48.018.598;-15.831.154
385;Atta.sexdens;-48.019.559;-15.832.247
386;Atta.sexdens;-53.680.225;-29.234.298
387;Atta.sexdens;-43.211.718;-22.960.361
388;Atta.sexdens;-47.805.697;-15.894.541
389;Atta.sexdens;-79.778.877;8.914.611
390;Atta.sexdens;-46.644.795;-22.935.951
391;Atta.sexdens;-47.836.137;-15.876.395
392;Atta.sexdens;-73.183.889;-4.356.389
393;Atta.sexdens;-55.589;-27.285
394;Atta.sexdens;-47.943.585;-19.735.098
395;Atta.sexdens;-43.940.234;-19.787.461
396;Atta.sexdens;-54.893.526;-27.095.609
397;Atta.sexdens;-66.047.104;-11.024.689
398;Atta.sexdens;-54.487.114;-25.618.342
399;Atta.sexdens;-56.762.155;-27.512.772
400;Atta.sexdens;-44.716.357;-2.321.884
401;Atta.sexdens;-47.660.245;-15.604.437
402;Atta.sexdens;-4.686.744;-22.375.348
403;Atta.sexdens;-79.701.018;9.116.137
404;Atta.sexdens;-79.696.513;9.116.464
405;Atta.sexdens;-80.840.547;8.320.714
406;Atta.sexdens;-53.812.728;-28.579.572
407;Atta.sexdens;-42.770.316;-22.453.521
408;Atta.sexdens;-51.342.499;-27.919.167
409;Atta.sexdens;-48.030.278;-15.830.833
410;Atta.sexdens;-54.444.829;-2.568.661
411;Atta.sexdens;-47.789.367;-15.640.479
412;Atta.sexdens;-59.987.213;-3.102.314
413;Atta.sexdens;-47.338.344;-22.855.181
414;Atta.sexdens;-45.596.489;-19.460.771
415;Atta.sexdens;-71.009.778;0.014083
416;Atta.sexdens;-4.782.375;-13.645.092
417;Atta.sexdens;-47.832.302;-13.636.983
418;Atta.sexdens;-5.998.676;-3.097.354
419;Atta.sexdens;-47.778.462;-15.843.625
420;Atta.sexdens;-4.049.575;-12.051.439
421;Atta.sexdens;-51.837;3.934.998
422;Atta.sexdens;-52.325.017;4.943.628
423;Atta.sexdens;-35.297.938;-8.128.607
424;Atta.sexdens;-60.004.722;-3.080.618
425;Atta.sexdens;-5.368.945;-210.688
426;Atta.sexdens;-47.049.063;-21.078.746
427;Atta.sexdens;-57.432.597;-17.655.786
428;Atta.sexdens;-692.179;-125.984
429;Atta.sexdens;-555.939;-27.284
430;Atta.sexdens;-54.481;-25.689
431;Atta.sexdens;-54.48;-25.69
432;Atta.sexdens;-54.479.668;-25.690.022
433;Atta.sexdens;-55.574;-27.282
434;Atta.sexdens;-43.435.692;-22.603.522
435;Atta.sexdens;-432.323;-197.501
436;Atta.sexdens;-5.994.368;-291.293
437;Atta.sexdens;-464.825;-16.754.444
438;Atta.sexdens;-4.657.139;-188.625
439;Atta.sexdens;-4.285.153;-20.805.027
440;Atta.sexdens;-5.818.445;415.215
441;Atta.sexdens;-43.643.238;-19.770.119
442;Atta.sexdens;-69.369.713;-12.854.283
443;Atta.sexdens;-557.938;-95.463
444;Atta.sexdens;-61.447;-11.438
445;Atta.sexdens;-64.23;-9.25
446;Atta.sexdens;-64.3;-9.09
447;Atta.sexdens;-64.23;-9.22
448;Atta.sexdens;-64.3;-85.028
449;Atta.sexdens;-55.732;-31.248
450;Atta.sexdens;-44.442.245;-20.952.692
451;Atta.sexdens;-44.347.805;-21.000.202
452;Atta.sexdens;-41.089.465;-13.942.829
453;Atta.sexdens;-42.847.195;-20.798.471
454;Atta.sexdens;-42.847.557;-20.798.445
455;Atta.sexdens;-4.284.811;-20.798.445
456;Atta.sexdens;-42.848.305;-20.798.805
457;Atta.sexdens;-4.284.711;-20.798.584
458;Atta.sexdens;-4.284.778;-2.079.861
459;Atta.sexdens;-4.284.728;-20.798.584
460;Atta.sexdens;-42.846.806;-20.798.555
461;Atta.sexdens;-42.847;-2.079.925
462;Atta.sexdens;-4.284.722;-2.079.925
463;Atta.sexdens;-42.848.278;-20.798.916
464;Atta.sexdens;-42.846.943;-2.079.889
465;Atta.sexdens;-42.847.057;-20.799.166
466;Atta.sexdens;-42.847.694;-20.799.028
467;Atta.sexdens;-42.847.057;-20.798.916
468;Atta.sexdens;-40.654.816;-20.746.422
469;Atta.sexdens;-69.361.946;-12.855.833
470;Atta.sexdens;-43.449.722;-20.230.556
471;Atta.sexdens;-45.794.981;-2.298.926
472;Atta.sexdens;-54.455.302;-25.683.049
473;Atta.sexdens;-526.419;-270.975
474;Atta.sexdens;-56.694;-21.187
475;Atta.sexdens;-530.788;-263.941
476;Atta.sexdens;-531.627;-270.684
477;Atta.sexdens;-6.450.186;-9.151.769
478;Atta.sexdens;-60.640.034;2.870.054
479;Atta.sexdens;-52.989;-268.483
480;Atta.sexdens;-523.108;-271.491
481;Atta.sexdens;-50.140.383;-1.593.397
482;Atta.sexdens;-54.17;-25.68
483;Atta.sexdens;-5.445.361;-2.567.895
484;Atta.sexdens;-54.45;-25.68
485;Atta.sexdens;-44.600.515;-22.671.044
486;Atta.sexdens;-40.676.034;-20.411.351
487;Atta.sexdens;-42.868.057;-20.758.612
488;Atta.sexdens;-7.447.517;9.239
489;Atta.sexdens;-7.446.656;925.328
490;Atta.sexdens;-43.273.859;-22.949.067
491;Atta.sexdens;-40.308.863;-19.183.423
492;Atta.sexdens;-7.433.333;92.667
493;Atta.sexdens;-7.435.216;926.576
494;Atta.sexdens;-7.434.873;92.678
495;Atta.sexdens;-74.030.012;5.026.003
496;Atta.sexdens;-61.025.196;1.463.657
497;Atta.sexdens;-61.464.714;3.382.414
498;Atta.sexdens;-4.787.674;-1.594.356
499;Atta.sexdens;-46.395.348;-23.373.217
500;Atta.sexdens;-42.872.223;-20.772.861
501;Atta.sexdens;-463.152;-238.727
502;Atta.sexdens;-59.94;-2.964
503;Atta.sexdens;-55.316.944;-123.005
504;Atta.sexdens;-42.850.224;-20.812.723
505;Atta.sexdens;-736.175;3.659.194
506;Atta.sexdens;-48.523.986;-22.306.677
507;Atta.sexdens;-53.817.784;-25.460.508
508;Atta.sexdens;-67.622;-10.069
509;Atta.sexdens;-69.923.256;-4.141.667
510;Atta.sexdens;-5.706.048;-2.672.202
511;Atta.sexdens;-70.25;-3.683.333
512;Atta.sexdens;-73.933.333;3.35
513;Atta.sexdens;-467.418;-862.419
514;Atta.sexdens;-4.670.783;-857.211
515;Atta.sexdens;-4.414.235;-23.157.858
516;Atta.sexdens;-44.142.351;-23.157.858
517;Atta.sexdens;-56.78;-19.18
518;Atta.sexdens;-54.392;-25.719
519;Atta.sexdens;-54.39;-25.72
520;Atta.sexdens;-55.529.161;-24.128.228
521;Atta.sexdens;-5.738.333;-25.3
522;Atta.sexdens;-57.386;-25.313
523;Atta.sexdens;-57.083.332;-25.366.667
524;Atta.sexdens;-70.263.031;-3.820.258
525;Atta.sexdens;-473.041;-212.752
526;Atta.sexdens;-55.75;-154.333
527;Atta.sexdens;-67.591.125;1.023.535
528;Atta.sexdens;-71.555.672;-137.316
529;Atta.sexdens;-7.766.866;-103.566
530;Atta.sexdens;-54.874.893;-2.219.872
531;Atta.sexdens;-55.380.096;-22.076.836
532;Atta.sexdens;-5.538.706;-22.795.357
533;Atta.sexdens;-54.526.836;-21.782.534
534;Atta.sexdens;-5.480.258;-20.484.938
535;Atta.sexdens;-55.698.532;-22.307.459
536;Atta.sexdens;-55.387.058;-22.795.357
537;Atta.sexdens;-5.480.258;-20.484.937
538;Atta.sexdens;-55.698.534;-22.307.459
539;Atta.sexdens;-55.380.097;-22.076.836
540;Atta.sexdens;-54.526.835;-21.782.533
541;Atta.sexdens;-61.908.646;5.595.308
542;Atta.sexdens;-61.908.647;5.595.308
543;Atta.sexdens;-72.961.001;3.356.402
544;Atta.sexdens;-59.75;3
545;Atta.sexdens;-5.933.333;3.75
546;Atta.sexdens;-4.288.128;-20.760.983
547;Atta.sexdens;-7.370.739;3.549.333
548;Atta.sexdens;-7.362.081;4.126.079
549;Atta.sexdens;-7.296.224;4.085.285
550;Atta.sexdens;-73.707.388;3.549.333
551;Atta.sexdens;-73.620.809;4.126.079
552;Atta.sexdens;-47.648.889;-22.725
553;Atta.sexdens;-4.661.667;-2.353.333
554;Atta.sexdens;-60.095.215;-1.955.187
555;Atta.sexdens;-510.407;-23.057
556;Atta.sexdens;-52.383;-27.183
557;Atta.sexdens;-3.487.738;-8.047.074
558;Atta.sexdens;-34.877.379;-8.047.074
559;Atta.sexdens;-75.083.336;3.833.333
560;Atta.sexdens;-7.363.333;4.15
561;Atta.sexdens;-635.285;808.777
562;Atta.sexdens;-606.934;-329.589
563;Atta.sexdens;-4.663.333;-2.353.333
564;Atta.sexdens;-58.693.626;-2.705.849
565;Atta.sexdens;-8.078.213;8.537.981
566;Atta.sexdens;-80.782.127;8.537.981
567;Atta.sexdens;-66;743.389
568;Atta.sexdens;-439.032;-194.905
569;Atta.sexdens;-4.742.517;-3.222.055
570;Atta.sexdens;-41.09;-3.56
571;Atta.sexdens;-370.717;-109.111
572;Atta.sexdens;-354.333;-56.333
573;Atta.sexdens;-466.417;-235.733
574;Atta.sexdens;-34.9;-8.05
575;Atta.sexdens;-38.45;-12.95
576;Atta.sexdens;-50.01;-25.1
577;Atta.sexdens;-520.167;-272.333
578;Atta.sexdens;-48.085;-181.317
579;Atta.sexdens;-351.167;-68.333
580;Atta.sexdens;-439.333;-199.167
581;Atta.sexdens;-56.09;-15.59
582;Atta.sexdens;-512.211;-299.914
583;Atta.sexdens;-42.82;-5.08
584;Atta.sexdens;-406.306;-195.394
585;Atta.sexdens;-517.416;-18.707
586;Atta.sexdens;-48.38;-19.16
587;Atta.sexdens;-429.833;-224.333
588;Atta.sexdens;-6.453.239;-3.569.727
589;Atta.sexdens;-763.167;-125.667
590;Atta.sexdens;-56.04;4.16
591;Atta.sexdens;-71.04;-13.75
592;Atta.sexdens;-5.324.036;391.451
593;Atta.sexdens;-37.299.343;-8.449.588
594;Atta.sexdens;-37.230.109;-8.535.398
595;Atta.sexdens;-37.317.409;-8.413.305
596;Atta.sexdens;-37.196.837;-8.531.343
597;Atta.sexdens;-37.304.636;-8.427.781
598;Atta.sexdens;-5.610.751;-284.398
